<?xml version="1.0" encoding="UTF-8" ?>
<module>
	<name>bankwire</name>
	<displayName><![CDATA[Bank&uuml;berweisung]]></displayName>
	<version><![CDATA[1.0.1]]></version>
	<description><![CDATA[Zahlung per Bank&uuml;berweisung annehmen.]]></description>
	<author><![CDATA[PrestaShop]]></author>
	<tab><![CDATA[payments_gateways]]></tab>
	<confirmUninstall><![CDATA[Möchten Sie die Details wirklich löschen?]]></confirmUninstall>
	<is_configurable>1</is_configurable>
	<need_instance>1</need_instance>
	<limited_countries></limited_countries>
</module>