<?xml version="1.0" encoding="UTF-8" ?>
<module>
	<name>gc_ganalytics</name>
	<displayName><![CDATA[Google Analytics]]></displayName>
	<version><![CDATA[2.3.0]]></version>
	<description><![CDATA[Integriert Google Analytics in den Shop]]></description>
	<author><![CDATA[Onlineshop-Module.de]]></author>
	<tab><![CDATA[analytics_stats]]></tab>
	<confirmUninstall><![CDATA[Wollen Sie wirklich die Einstellungen löschen?]]></confirmUninstall>
	<is_configurable>1</is_configurable>
	<need_instance>1</need_instance>
	<limited_countries></limited_countries>
</module>