<?xml version="1.0" encoding="UTF-8" ?>
<module>
	<name>ogone</name>
	<displayName><![CDATA[Ogone]]></displayName>
	<version><![CDATA[2.9]]></version>
	<description><![CDATA[Mit &uuml;ber 80 verschiedenen Zahlungsmethoden und &uuml;ber 200 Akzeptanzpartnern, hilft Ogone Ihnen bei der Verwaltung, dem Collecting und der Sicherung Ihrer Online und Mobile Zahlungen.]]></description>
	<author><![CDATA[PrestaShop]]></author>
	<tab><![CDATA[payments_gateways]]></tab>
	<is_configurable>1</is_configurable>
	<need_instance>1</need_instance>
	<limited_countries></limited_countries>
	<is_eu_compatible>1</is_eu_compatible>
</module>