<?xml version="1.0" encoding="UTF-8" ?>
<module>
	<name>sofortbanking</name>
	<displayName><![CDATA[sofort&uuml;berweisung]]></displayName>
	<version><![CDATA[2.5.1]]></version>
	<description><![CDATA[SOFORT &Uuml;berweisung - Ihr g&uuml;nstiges Bezahlsystem. Von H&auml;ndlern empfohlen.]]></description>
	<author><![CDATA[touchdesign]]></author>
	<tab><![CDATA[payments_gateways]]></tab>
	<confirmUninstall><![CDATA[Sicher das Sie das Modul löschen möchten mit allen Details?]]></confirmUninstall>
	<is_configurable>1</is_configurable>
	<need_instance>1</need_instance>
	<limited_countries></limited_countries>
</module>